{"stats":{"minecraft:used":{"minecraft:dirt":7},"minecraft:picked_up":{"minecraft:dirt":7},"minecraft:custom":{"minecraft:jump":25,"minecraft:time_since_rest":1904,"minecraft:leave_game":1,"minecraft:play_time":1904,"minecraft:damage_taken":10,"minecraft:time_since_death":1904,"minecraft:walk_one_cm":4466,"minecraft:total_world_time":1904,"minecraft:fly_one_cm":1422,"minecraft:fall_one_cm":335},"minecraft:mined":{"minecraft:grass_block":5,"minecraft:dirt":2,"minecraft:dark_oak_leaves":2}},"DataVersion":2975}